Workbook

Sheet สมมติฐาน
A1: สมมติฐานการคำนวณงบประมาณ - TOR Interactive เกม-ระบบ
A3: งบประมาณโครงการทั้งหมด (บาท) | B3: 360000 | C3: จากเอกสาร TOR: งบ 'อบรมเชิงปฏิบัติการในชุมชน'
A4: สัดส่วนงบสำหรับพัฒนาระบบ (Dev) (%) - ไว้เทียบเท่านั้น | B4: 0.65 | C4: [ปรับได้] TOR ไม่ได้แยกงบพัฒนาระบบจากงบอบรม/เดินทาง/วิทยากร ต้องยืนยันสัดส่วนจริงกับผู้รับผิดชอบโครงการ
A5: งบประมาณสำหรับพัฒนาระบบ (ตามสัดส่วน, บาท) | B5: =B3*B4 | C5: =งบทั้งหมด x สัดส่วน Dev (ใช้เทียบเคียงเท่านั้น ไม่ได้ขับเคลื่อนตัวเลขด้านล่าง)
A7: สูตรคำนวณให้ยอด WBS รวมได้ครบ 360,000 พอดี (Solver)
A8: งบเป้าหมายที่ต้องการให้ WBS รวมได้พอดี (บาท) | B8: =B3 | C8: ค่าเริ่มต้น = งบทั้งหมด (B3) เปลี่ยนเป็น =B5 ได้ถ้าต้องการให้พอดีเฉพาะงบ Dev
A9: รวม Man-day ทั้งหมดจาก WBS (คงที่ ไม่ขึ้นกับอัตรา/วัน) | B9: ='ขอบเขตงานและประมาณการ'!H20 | C9: ดึงจากชีต 'ขอบเขตงานและประมาณการ' แถวรวมทั้งหมด
A10: อัตรา/วัน Auto (= งบเป้าหมาย / Man-day รวม) *** ใช้ค่านี้ขับเคลื่อน WBS *** | B10: =B8/B9 | C10: ทุกแถวใน WBS อ้างอิงอัตรานี้ ทำให้ผลรวมท้ายตาราง WBS เท่ากับงบเป้าหมายพอดีเสมอ
A11: อัตรา/วันตลาดอ้างอิง (Manual, ไว้เปรียบเทียบ) | B11: 3000 | C11: [ปรับได้] อัตราตลาดจริงโดยประมาณ ไม่ได้ใช้ขับเคลื่อน WBS
A12: งบที่ต้องใช้จริง ถ้าใช้อัตราตลาดอ้างอิง (บาท) | B12: =B9*B11 | C12: =Man-day รวม x อัตราตลาดอ้างอิง
A13: ส่วนต่างจากงบเป้าหมาย ที่อัตราตลาด (+ = มีงบเหลือขยายขอบเขต / - = เกินงบต้องตัดงาน) | B13: =B8-B12 | C13: =งบเป้าหมาย - งบที่ต้องใช้จริงที่อัตราตลาด
A15: กรอบระยะเวลา (อ้างอิง TOR)
A16: ระยะเวลาออกแบบสื่อ | B16: กรกฎาคม - ตุลาคม 2569 (~4 เดือน)
A17: ใช้งานจริงครั้งแรก - เชียงใหม่ | B17: 6-7 สิงหาคม 2569
A18: ใช้งานจริงครั้งแรก - แพร่ | B18: 17-18 สิงหาคม 2569
A19: ใช้งานจริงครั้งแรก - น่าน | B19: 24-25 สิงหาคม 2569
A21: ตรวจสอบผลลัพธ์ (ควรเท่ากับงบเป้าหมายพอดี)
A22: รวม Man-day ทั้งหมด (จากตาราง WBS) | B22: ='ขอบเขตงานและประมาณการ'!H20
A23: รวมเงินทั้งหมด (จากตาราง WBS ด้วยอัตรา Auto) | B23: ='ขอบเขตงานและประมาณการ'!J20
A24: งบเป้าหมาย (จาก Solver ด้านบน) | B24: =B8
A25: ส่วนต่าง (ควรเป็น 0 พอดี) | B25: =B24-B23
A27: หมายเหตุ: 360,000 บาท ในเอกสารต้นทางระบุเป็นงบรวมของ 'อบรมเชิงปฏิบัติการในชุมชน' ไม่ได้ระบุแยกเป็นงบพัฒนาระบบโดยเฉพาะ ตัวเลขในไฟล์นี้เป็นการประมาณการเพื่อใช้วางแผน ควรยืนยันสัดส่วนงบจริงกับผู้รับผิดชอบโครงการก่อนใช้อ้างอิงในสัญญา

Sheet ขอบเขตงานและประมาณการ
A1: ขอบเขตงาน (WBS) และประมาณการ Man-day / งบประมาณ
A3: ลำดับ | B3: เฟส | C3: หมวดงาน | D3: รายการงาน | E3: ปริมาณ | F3: หน่วย | G3: Man-day/หน่วย | H3: รวม Man-day | I3: อัตรา/วัน (บาท) | J3: รวมเงิน (บาท) | K3: หมายเหตุ | L3: สัดส่วนงบ (%)
A4: 1 | B4: Phase 1 (MVP ก่อน 6 ส.ค. 69) | C4: A. แพลตฟอร์มหลัก | D4: ออกแบบ UX/UI สำหรับผู้สูงอายุ (ตัวอักษรใหญ่ ปุ่มชัดเจน อ่านง่าย) | E4: 1 | F4: งาน | G4: 5 | H4: =E4*G4 | I4: =สมมติฐาน!$B$10 | J4: =H4*I4 | K4: Accessibility-first design | L4: =J4/$J$20
A5: 2 | B5: Phase 1 | C5: A. แพลตฟอร์มหลัก | D5: พัฒนาโครงสร้าง Web Application (Routing, Responsive, Hosting Setup) | E5: 1 | F5: งาน | G5: 4 | H5: =E5*G5 | I5: =สมมติฐาน!$B$10 | J5: =H5*I5 | L5: =J5/$J$20
A6: 3 | B6: Phase 1 | C6: A. แพลตฟอร์มหลัก | D6: ระบบส่งต่อ/เข้าถึงผ่าน LINE (Share Link / LIFF, OG Meta) | E6: 1 | F6: งาน | G6: 3 | H6: =E6*G6 | I6: =สมมติฐาน!$B$10 | J6: =H6*I6 | L6: =J6/$J$20
A7: 4 | B7: Phase 1 | C7: B. เนื้อหา | D7: ระบบ Flow วิดีโอ -> เกม -> หัวข้อถัดไป (ต่อ 1 หัวข้อ) | E7: 3 | F7: หัวข้อ | G7: 2 | H7: =E7*G7 | I7: =สมมติฐาน!$B$10 | J7: =H7*I7 | K7: รวม 3 หัวข้อหลักตาม TOR | L7: =J7/$J$20
A8: 5 | B8: Phase 1 | C8: C. เกมโต้ตอบ | D8: พัฒนาเกมย่อยรูปแบบ "AI or not?" (1 เกม/หัวข้อ) | E8: 3 | F8: เกม | G8: 4.5 | H8: =E8*G8 | I8: =สมมติฐาน!$B$10 | J8: =H8*I8 | K8: MVP: 1 เกมต่อหัวข้อ | L8: =J8/$J$20
A9: 6 | B9: Phase 1 | C9: D. ข้อมูล | D9: ระบบเก็บข้อมูลอายุ + ตำแหน่งผู้เล่น (Backend + Database) | E9: 1 | F9: งาน | G9: 5 | H9: =E9*G9 | I9: =สมมติฐาน!$B$10 | J9: =H9*I9 | L9: =J9/$J$20
A10: 7 | B10: Phase 1 | C10: E. QA/Deploy | D10: ทดสอบระบบ/Usability กับผู้สูงอายุ หลายอุปกรณ์ | E10: 1 | F10: งาน | G10: 4 | H10: =E10*G10 | I10: =สมมติฐาน!$B$10 | J10: =H10*I10 | L10: =J10/$J$20
A11: 8 | B11: Phase 1 | C11: E. QA/Deploy | D11: Deploy ระบบ / Domain / SSL / Hosting | E11: 1 | F11: งาน | G11: 2 | H11: =E11*G11 | I11: =สมมติฐาน!$B$10 | J11: =H11*I11 | L11: =J11/$J$20
A12: 9 | B12: Phase 1 | C12: F. บริหารโครงการ | D12: PM / ประสานงาน (Phase 1) | E12: 1 | F12: งาน | G12: 4 | H12: =E12*G12 | I12: =สมมติฐาน!$B$10 | J12: =H12*I12 | L12: =J12/$J$20
A13: 10 | B13: Phase 1 | C13: F. บริหารโครงการ | D13: สนับสนุนหน้างาน Pilot เชียงใหม่/แพร่/น่าน | E13: 3 | F13: ครั้ง | G13: 1 | H13: =E13*G13 | I13: =สมมติฐาน!$B$10 | J13: =H13*I13 | K13: 3 จังหวัด | L13: =J13/$J$20
A14: 11 | B14: Phase 2 (ก.ย.-ต.ค. 69 ต่อยอด) | C14: C. เกมโต้ตอบ | D14: เพิ่มเกมย่อยอีกหัวข้อละ 1 เกม (รวม 3 เกมเพิ่ม) | E14: 3 | F14: เกม | G14: 4.5 | H14: =E14*G14 | I14: =สมมติฐาน!$B$10 | J14: =H14*I14 | K14: ขยายเป็น 2 เกม/หัวข้อ ถ้างบเพียงพอ | L14: =J14/$J$20
A15: 12 | B15: Phase 2 | C15: D. ข้อมูล | D15: Dashboard สรุปผล/ประเมินผลโครงการ | E15: 1 | F15: งาน | G15: 4 | H15: =E15*G15 | I15: =สมมติฐาน!$B$10 | J15: =H15*I15 | L15: =J15/$J$20
A16: 13 | B16: Phase 2 | C16: E. QA/Deploy | D16: ปรับปรุง/แก้ไขบั๊กจาก Feedback รอบ Pilot | E16: 1 | F16: งาน | G16: 3 | H16: =E16*G16 | I16: =สมมติฐาน!$B$10 | J16: =H16*I16 | L16: =J16/$J$20
A17: 14 | B17: Phase 2 | C17: F. บริหารโครงการ | D17: PM / ประสานงาน (Phase 2) | E17: 1 | F17: งาน | G17: 3 | H17: =E17*G17 | I17: =สมมติฐาน!$B$10 | J17: =H17*I17 | L17: =J17/$J$20
D18: รวม (ก่อนสำรอง) | H18: =SUM(H4:H17) | J18: =SUM(J4:J17)
C19: G. สำรอง | D19: Contingency Buffer (กันความคลาดเคลื่อนประมาณการ) | E19: 0.1 | F19: % ของ Man-day รวม | H19: =H18*E19 | I19: =สมมติฐาน!$B$10 | J19: =H19*I19 | L19: =J19/$J$20
D20: รวมทั้งหมด (Man-day / งบประมาณ) | H20: =H18+H19 | J20: =J18+J19 | L20: =J20/$J$20

Sheet คำแนะนำสรุป
A1: คำแนะนำสรุปการวางขอบเขตงานให้พอดีงบ 360,000 บาท
A3: 1. ชีต 'สมมติฐาน' มีสูตร Solver ที่บังคับให้ผลรวมท้ายตาราง WBS เท่ากับงบเป้าหมายพอดีเสมอ: อัตรา/วัน Auto = งบเป้าหมาย (ตั้งต้น 360,000) หาร ด้วยจำนวน Man-day รวมของ WBS ทุกแถวใน WBS ดึงอัตรานี้มาใช้ ผลคือคอลัมน์ 'รวมเงิน' ของแต่ละงาน และผลรวมทั้งหมด จะบวกกันได้ 360,000 บาทพอดีเสมอ ไม่ว่าจะปรับปริมาณงานอย่างไร
A6: 2. คอลัมน์ 'สัดส่วนงบ (%)' ท้ายตาราง WBS บอกว่าแต่ละงานกิน งบไปกี่ % ของ 360,000 ใช้ตอบคำถาม 'ต้องทำอะไรเท่าไหร่บ้าง' ได้ตรงตัว (ทั้ง Man-day และบาทต่อรายการ)
A9: 3. Phase 1 (ต้องเสร็จก่อน 6 ส.ค. 69 - Pilot เชียงใหม่): แพลตฟอร์มหลัก + 3 หัวข้อเนื้อหา + เกม 1 เกม/หัวข้อ (3 เกม) + ระบบเก็บข้อมูล + ทดสอบ/deploy
A12: 4. Phase 2 (ก.ย.-ต.ค. 69 ก่อนปิดโครงการ): เพิ่มเกมอีกหัวข้อละ 1 เกม (รวมเป็น 2 เกม/หัวข้อ = 6 เกมทั้งหมด) + Dashboard ประเมินผล + แก้บั๊กจาก Feedback
A15: 5. ตรวจสอบความสมเหตุสมผล: ชีต 'สมมติฐาน' มีแถว 'อัตราตลาดอ้างอิง (Manual)' ให้เทียบว่าถ้าใช้อัตราตลาดจริง (ตั้งต้น 3,000 บาท/วัน) งานทั้งหมดนี้ควรใช้งบเท่าไหร่ ถ้าต่ำกว่า 360,000 มาก แปลว่ามีงบเหลือ ควรเพิ่มขอบเขตงาน (เพิ่มเกม/ฟีเจอร์) ถ้าสูงกว่า 360,000 แปลว่าขอบเขตงานเกินงบจริง ต้องตัดงานออกแทนที่จะกดอัตรา/วันให้ต่ำผิดปกติ
A18: 6. ถ้าต้องการให้พอดีเฉพาะ 'งบพัฒนาระบบ' (ไม่รวมค่าอบรม/เดินทาง/วิทยากร) ให้เปลี่ยนสูตรในช่อง 'งบเป้าหมายที่ต้องการให้ WBS รวมได้พอดี' จาก =B3 เป็น =B5
A21: 7. ตัวเลข Man-day และอัตราตลาดอ้างอิงในไฟล์นี้เป็นการประมาณการอ้างอิงตลาด ควรให้ผู้พัฒนา/ผู้รับจ้างจริงประเมินใหม่อีกครั้งก่อนเซ็นสัญญา
